Country Name,Country Code,Topic,% of available indicators,Year
Czech Republic,CZE,Norms and Decision-making,0,1960
Czech Republic,CZE,SDGs,0.76,1960
Czech Republic,CZE,Employment and Time Use,0,1960
Czech Republic,CZE,Assets,0,1960
Czech Republic,CZE,Entrepreneurship,0,1960
Czech Republic,CZE,Technology,0,1960
Czech Republic,CZE,Education,0,1960
Czech Republic,CZE,Children 0-14,10.57,1960
Czech Republic,CZE,Health,3.21,1960
Czech Republic,CZE,Youth 15-24,4.9,1960
Czech Republic,CZE,Population,93,1960
Czech Republic,CZE,Violence,0,1960
Czech Republic,CZE,Leadership,0,1960
Czech Republic,CZE,Environment,0,1960
Czech Republic,CZE,Norms and Decision-making,0,1961
Czech Republic,CZE,SDGs,0.76,1961
Czech Republic,CZE,Employment and Time Use,0,1961
Czech Republic,CZE,Assets,0,1961
Czech Republic,CZE,Entrepreneurship,0,1961
Czech Republic,CZE,Technology,0,1961
Czech Republic,CZE,Education,0,1961
Czech Republic,CZE,Children 0-14,10.57,1961
Czech Republic,CZE,Health,3.21,1961
Czech Republic,CZE,Youth 15-24,4.9,1961
Czech Republic,CZE,Population,83.33,1961
Czech Republic,CZE,Violence,0,1961
Czech Republic,CZE,Leadership,0,1961
Czech Republic,CZE,Environment,0,1961
Czech Republic,CZE,Norms and Decision-making,0,1962
Czech Republic,CZE,SDGs,0.76,1962
Czech Republic,CZE,Employment and Time Use,0,1962
Czech Republic,CZE,Assets,0,1962
Czech Republic,CZE,Entrepreneurship,0,1962
Czech Republic,CZE,Technology,0,1962
Czech Republic,CZE,Education,0,1962
Czech Republic,CZE,Children 0-14,11.38,1962
Czech Republic,CZE,Health,3.21,1962
Czech Republic,CZE,Youth 15-24,4.9,1962
Czech Republic,CZE,Population,86.9,1962
Czech Republic,CZE,Violence,0,1962
Czech Republic,CZE,Leadership,0,1962
Czech Republic,CZE,Environment,0,1962
Czech Republic,CZE,Norms and Decision-making,0,1963
Czech Republic,CZE,SDGs,0.76,1963
Czech Republic,CZE,Employment and Time Use,0,1963
Czech Republic,CZE,Assets,0,1963
Czech Republic,CZE,Entrepreneurship,0,1963
Czech Republic,CZE,Technology,0,1963
Czech Republic,CZE,Education,0,1963
Czech Republic,CZE,Children 0-14,10.57,1963
Czech Republic,CZE,Health,3.21,1963
Czech Republic,CZE,Youth 15-24,4.9,1963
Czech Republic,CZE,Population,83.33,1963
Czech Republic,CZE,Violence,0,1963
Czech Republic,CZE,Leadership,0,1963
Czech Republic,CZE,Environment,0,1963
Czech Republic,CZE,Norms and Decision-making,0,1964
Czech Republic,CZE,SDGs,0.76,1964
Czech Republic,CZE,Employment and Time Use,0,1964
Czech Republic,CZE,Assets,0,1964
Czech Republic,CZE,Entrepreneurship,0,1964
Czech Republic,CZE,Technology,0,1964
Czech Republic,CZE,Education,0,1964
Czech Republic,CZE,Children 0-14,10.57,1964
Czech Republic,CZE,Health,3.21,1964
Czech Republic,CZE,Youth 15-24,4.9,1964
Czech Republic,CZE,Population,83.33,1964
Czech Republic,CZE,Violence,0,1964
Czech Republic,CZE,Leadership,0,1964
Czech Republic,CZE,Environment,0,1964
Czech Republic,CZE,Norms and Decision-making,0,1965
Czech Republic,CZE,SDGs,0.76,1965
Czech Republic,CZE,Employment and Time Use,0,1965
Czech Republic,CZE,Assets,0,1965
Czech Republic,CZE,Entrepreneurship,0,1965
Czech Republic,CZE,Technology,0,1965
Czech Republic,CZE,Education,0,1965
Czech Republic,CZE,Children 0-14,10.57,1965
Czech Republic,CZE,Health,3.21,1965
Czech Republic,CZE,Youth 15-24,4.9,1965
Czech Republic,CZE,Population,83.33,1965
Czech Republic,CZE,Violence,0,1965
Czech Republic,CZE,Leadership,0,1965
Czech Republic,CZE,Environment,0,1965
Czech Republic,CZE,Norms and Decision-making,0,1966
Czech Republic,CZE,SDGs,0.76,1966
Czech Republic,CZE,Employment and Time Use,0,1966
Czech Republic,CZE,Assets,0,1966
Czech Republic,CZE,Entrepreneurship,0,1966
Czech Republic,CZE,Technology,0,1966
Czech Republic,CZE,Education,0,1966
Czech Republic,CZE,Children 0-14,10.57,1966
Czech Republic,CZE,Health,3.21,1966
Czech Republic,CZE,Youth 15-24,4.9,1966
Czech Republic,CZE,Population,83.33,1966
Czech Republic,CZE,Violence,0,1966
Czech Republic,CZE,Leadership,0,1966
Czech Republic,CZE,Environment,0,1966
Czech Republic,CZE,Norms and Decision-making,0,1967
Czech Republic,CZE,SDGs,0.76,1967
Czech Republic,CZE,Employment and Time Use,0,1967
Czech Republic,CZE,Assets,0,1967
Czech Republic,CZE,Entrepreneurship,0,1967
Czech Republic,CZE,Technology,0,1967
Czech Republic,CZE,Education,0,1967
Czech Republic,CZE,Children 0-14,11.38,1967
Czech Republic,CZE,Health,3.21,1967
Czech Republic,CZE,Youth 15-24,4.9,1967
Czech Republic,CZE,Population,86.9,1967
Czech Republic,CZE,Violence,0,1967
Czech Republic,CZE,Leadership,0,1967
Czech Republic,CZE,Environment,0,1967
Czech Republic,CZE,Norms and Decision-making,0,1968
Czech Republic,CZE,SDGs,0.76,1968
Czech Republic,CZE,Employment and Time Use,0,1968
Czech Republic,CZE,Assets,0,1968
Czech Republic,CZE,Entrepreneurship,0,1968
Czech Republic,CZE,Technology,0,1968
Czech Republic,CZE,Education,0,1968
Czech Republic,CZE,Children 0-14,10.57,1968
Czech Republic,CZE,Health,3.21,1968
Czech Republic,CZE,Youth 15-24,4.9,1968
Czech Republic,CZE,Population,83.33,1968
Czech Republic,CZE,Violence,0,1968
Czech Republic,CZE,Leadership,0,1968
Czech Republic,CZE,Environment,0,1968
Czech Republic,CZE,Norms and Decision-making,0,1969
Czech Republic,CZE,SDGs,0.76,1969
Czech Republic,CZE,Employment and Time Use,0,1969
Czech Republic,CZE,Assets,0,1969
Czech Republic,CZE,Entrepreneurship,0,1969
Czech Republic,CZE,Technology,0,1969
Czech Republic,CZE,Education,0,1969
Czech Republic,CZE,Children 0-14,10.57,1969
Czech Republic,CZE,Health,3.21,1969
Czech Republic,CZE,Youth 15-24,4.9,1969
Czech Republic,CZE,Population,83.33,1969
Czech Republic,CZE,Violence,0,1969
Czech Republic,CZE,Leadership,0,1969
Czech Republic,CZE,Environment,0,1969
Czech Republic,CZE,Norms and Decision-making,15.45,1970
Czech Republic,CZE,SDGs,10.69,1970
Czech Republic,CZE,Employment and Time Use,21.17,1970
Czech Republic,CZE,Assets,2.88,1970
Czech Republic,CZE,Entrepreneurship,9.38,1970
Czech Republic,CZE,Technology,0,1970
Czech Republic,CZE,Education,0,1970
Czech Republic,CZE,Children 0-14,10.57,1970
Czech Republic,CZE,Health,4.28,1970
Czech Republic,CZE,Youth 15-24,4.9,1970
Czech Republic,CZE,Population,85.71,1970
Czech Republic,CZE,Violence,3.23,1970
Czech Republic,CZE,Leadership,0,1970
Czech Republic,CZE,Environment,0,1970
Czech Republic,CZE,Norms and Decision-making,13.82,1971
Czech Republic,CZE,SDGs,10.69,1971
Czech Republic,CZE,Employment and Time Use,21.17,1971
Czech Republic,CZE,Assets,2.88,1971
Czech Republic,CZE,Entrepreneurship,9.38,1971
Czech Republic,CZE,Technology,0,1971
Czech Republic,CZE,Education,15.95,1971
Czech Republic,CZE,Children 0-14,17.07,1971
Czech Republic,CZE,Health,3.21,1971
Czech Republic,CZE,Youth 15-24,19.61,1971
Czech Republic,CZE,Population,83.33,1971
Czech Republic,CZE,Violence,3.23,1971
Czech Republic,CZE,Leadership,0,1971
Czech Republic,CZE,Environment,0,1971
Czech Republic,CZE,Norms and Decision-making,13.82,1972
Czech Republic,CZE,SDGs,10.69,1972
Czech Republic,CZE,Employment and Time Use,21.17,1972
Czech Republic,CZE,Assets,2.88,1972
Czech Republic,CZE,Entrepreneurship,9.38,1972
Czech Republic,CZE,Technology,0,1972
Czech Republic,CZE,Education,15.95,1972
Czech Republic,CZE,Children 0-14,17.89,1972
Czech Republic,CZE,Health,3.21,1972
Czech Republic,CZE,Youth 15-24,19.61,1972
Czech Republic,CZE,Population,86.9,1972
Czech Republic,CZE,Violence,3.23,1972
Czech Republic,CZE,Leadership,0,1972
Czech Republic,CZE,Environment,0,1972
Czech Republic,CZE,Norms and Decision-making,13.82,1973
Czech Republic,CZE,SDGs,10.69,1973
Czech Republic,CZE,Employment and Time Use,21.17,1973
Czech Republic,CZE,Assets,2.88,1973
Czech Republic,CZE,Entrepreneurship,9.38,1973
Czech Republic,CZE,Technology,0,1973
Czech Republic,CZE,Education,15.95,1973
Czech Republic,CZE,Children 0-14,17.07,1973
Czech Republic,CZE,Health,3.21,1973
Czech Republic,CZE,Youth 15-24,19.61,1973
Czech Republic,CZE,Population,83.33,1973
Czech Republic,CZE,Violence,3.23,1973
Czech Republic,CZE,Leadership,0,1973
Czech Republic,CZE,Environment,0,1973
Czech Republic,CZE,Norms and Decision-making,13.82,1974
Czech Republic,CZE,SDGs,10.69,1974
Czech Republic,CZE,Employment and Time Use,21.17,1974
Czech Republic,CZE,Assets,2.88,1974
Czech Republic,CZE,Entrepreneurship,9.38,1974
Czech Republic,CZE,Technology,0,1974
Czech Republic,CZE,Education,15.95,1974
Czech Republic,CZE,Children 0-14,17.07,1974
Czech Republic,CZE,Health,3.21,1974
Czech Republic,CZE,Youth 15-24,19.61,1974
Czech Republic,CZE,Population,83.33,1974
Czech Republic,CZE,Violence,3.23,1974
Czech Republic,CZE,Leadership,0,1974
Czech Republic,CZE,Environment,0,1974
Czech Republic,CZE,Norms and Decision-making,13.82,1975
Czech Republic,CZE,SDGs,10.69,1975
Czech Republic,CZE,Employment and Time Use,21.17,1975
Czech Republic,CZE,Assets,2.88,1975
Czech Republic,CZE,Entrepreneurship,9.38,1975
Czech Republic,CZE,Technology,0,1975
Czech Republic,CZE,Education,15.95,1975
Czech Republic,CZE,Children 0-14,17.07,1975
Czech Republic,CZE,Health,5.88,1975
Czech Republic,CZE,Youth 15-24,19.61,1975
Czech Republic,CZE,Population,83.33,1975
Czech Republic,CZE,Violence,3.23,1975
Czech Republic,CZE,Leadership,0,1975
Czech Republic,CZE,Environment,0,1975
Czech Republic,CZE,Norms and Decision-making,13.82,1976
Czech Republic,CZE,SDGs,10.69,1976
Czech Republic,CZE,Employment and Time Use,21.17,1976
Czech Republic,CZE,Assets,2.88,1976
Czech Republic,CZE,Entrepreneurship,9.38,1976
Czech Republic,CZE,Technology,0,1976
Czech Republic,CZE,Education,15.95,1976
Czech Republic,CZE,Children 0-14,17.07,1976
Czech Republic,CZE,Health,5.88,1976
Czech Republic,CZE,Youth 15-24,19.61,1976
Czech Republic,CZE,Population,83.33,1976
Czech Republic,CZE,Violence,3.23,1976
Czech Republic,CZE,Leadership,0,1976
Czech Republic,CZE,Environment,0,1976
Czech Republic,CZE,Norms and Decision-making,13.82,1977
Czech Republic,CZE,SDGs,10.69,1977
Czech Republic,CZE,Employment and Time Use,21.17,1977
Czech Republic,CZE,Assets,2.88,1977
Czech Republic,CZE,Entrepreneurship,9.38,1977
Czech Republic,CZE,Technology,0,1977
Czech Republic,CZE,Education,15.95,1977
Czech Republic,CZE,Children 0-14,17.89,1977
Czech Republic,CZE,Health,6.95,1977
Czech Republic,CZE,Youth 15-24,19.61,1977
Czech Republic,CZE,Population,86.9,1977
Czech Republic,CZE,Violence,3.23,1977
Czech Republic,CZE,Leadership,0,1977
Czech Republic,CZE,Environment,0,1977
Czech Republic,CZE,Norms and Decision-making,13.82,1978
Czech Republic,CZE,SDGs,10.69,1978
Czech Republic,CZE,Employment and Time Use,21.17,1978
Czech Republic,CZE,Assets,2.88,1978
Czech Republic,CZE,Entrepreneurship,9.38,1978
Czech Republic,CZE,Technology,0,1978
Czech Republic,CZE,Education,15.95,1978
Czech Republic,CZE,Children 0-14,17.07,1978
Czech Republic,CZE,Health,5.88,1978
Czech Republic,CZE,Youth 15-24,19.61,1978
Czech Republic,CZE,Population,83.33,1978
Czech Republic,CZE,Violence,3.23,1978
Czech Republic,CZE,Leadership,0,1978
Czech Republic,CZE,Environment,0,1978
Czech Republic,CZE,Norms and Decision-making,13.82,1979
Czech Republic,CZE,SDGs,10.69,1979
Czech Republic,CZE,Employment and Time Use,21.17,1979
Czech Republic,CZE,Assets,2.88,1979
Czech Republic,CZE,Entrepreneurship,9.38,1979
Czech Republic,CZE,Technology,0,1979
Czech Republic,CZE,Education,15.95,1979
Czech Republic,CZE,Children 0-14,17.07,1979
Czech Republic,CZE,Health,5.88,1979
Czech Republic,CZE,Youth 15-24,19.61,1979
Czech Republic,CZE,Population,83.33,1979
Czech Republic,CZE,Violence,3.23,1979
Czech Republic,CZE,Leadership,0,1979
Czech Republic,CZE,Environment,0,1979
Czech Republic,CZE,Norms and Decision-making,15.45,1980
Czech Republic,CZE,SDGs,10.69,1980
Czech Republic,CZE,Employment and Time Use,21.17,1980
Czech Republic,CZE,Assets,2.88,1980
Czech Republic,CZE,Entrepreneurship,9.38,1980
Czech Republic,CZE,Technology,0,1980
Czech Republic,CZE,Education,10.43,1980
Czech Republic,CZE,Children 0-14,13.01,1980
Czech Republic,CZE,Health,5.88,1980
Czech Republic,CZE,Youth 15-24,18.63,1980
Czech Republic,CZE,Population,90.48,1980
Czech Republic,CZE,Violence,3.23,1980
Czech Republic,CZE,Leadership,0,1980
Czech Republic,CZE,Environment,0,1980
Czech Republic,CZE,Norms and Decision-making,13.82,1981
Czech Republic,CZE,SDGs,12.98,1981
Czech Republic,CZE,Employment and Time Use,21.17,1981
Czech Republic,CZE,Assets,2.88,1981
Czech Republic,CZE,Entrepreneurship,9.38,1981
Czech Republic,CZE,Technology,0,1981
Czech Republic,CZE,Education,7.36,1981
Czech Republic,CZE,Children 0-14,21.95,1981
Czech Republic,CZE,Health,9.09,1981
Czech Republic,CZE,Youth 15-24,8.82,1981
Czech Republic,CZE,Population,83.33,1981
Czech Republic,CZE,Violence,3.23,1981
Czech Republic,CZE,Leadership,0,1981
Czech Republic,CZE,Environment,0,1981
Czech Republic,CZE,Norms and Decision-making,13.82,1982
Czech Republic,CZE,SDGs,12.98,1982
Czech Republic,CZE,Employment and Time Use,21.17,1982
Czech Republic,CZE,Assets,2.88,1982
Czech Republic,CZE,Entrepreneurship,9.38,1982
Czech Republic,CZE,Technology,0,1982
Czech Republic,CZE,Education,15.95,1982
Czech Republic,CZE,Children 0-14,25.2,1982
Czech Republic,CZE,Health,10.7,1982
Czech Republic,CZE,Youth 15-24,19.61,1982
Czech Republic,CZE,Population,86.9,1982
Czech Republic,CZE,Violence,3.23,1982
Czech Republic,CZE,Leadership,0,1982
Czech Republic,CZE,Environment,0,1982
Czech Republic,CZE,Norms and Decision-making,13.82,1983
Czech Republic,CZE,SDGs,12.98,1983
Czech Republic,CZE,Employment and Time Use,21.17,1983
Czech Republic,CZE,Assets,2.88,1983
Czech Republic,CZE,Entrepreneurship,9.38,1983
Czech Republic,CZE,Technology,0,1983
Czech Republic,CZE,Education,15.95,1983
Czech Republic,CZE,Children 0-14,24.39,1983
Czech Republic,CZE,Health,10.7,1983
Czech Republic,CZE,Youth 15-24,19.61,1983
Czech Republic,CZE,Population,83.33,1983
Czech Republic,CZE,Violence,3.23,1983
Czech Republic,CZE,Leadership,0,1983
Czech Republic,CZE,Environment,0,1983
Czech Republic,CZE,Norms and Decision-making,13.82,1984
Czech Republic,CZE,SDGs,12.98,1984
Czech Republic,CZE,Employment and Time Use,21.17,1984
Czech Republic,CZE,Assets,2.88,1984
Czech Republic,CZE,Entrepreneurship,9.38,1984
Czech Republic,CZE,Technology,0,1984
Czech Republic,CZE,Education,15.95,1984
Czech Republic,CZE,Children 0-14,24.39,1984
Czech Republic,CZE,Health,10.7,1984
Czech Republic,CZE,Youth 15-24,19.61,1984
Czech Republic,CZE,Population,83.33,1984
Czech Republic,CZE,Violence,3.23,1984
Czech Republic,CZE,Leadership,0,1984
Czech Republic,CZE,Environment,0,1984
Czech Republic,CZE,Norms and Decision-making,13.82,1985
Czech Republic,CZE,SDGs,12.98,1985
Czech Republic,CZE,Employment and Time Use,21.17,1985
Czech Republic,CZE,Assets,2.88,1985
Czech Republic,CZE,Entrepreneurship,9.38,1985
Czech Republic,CZE,Technology,0,1985
Czech Republic,CZE,Education,15.95,1985
Czech Republic,CZE,Children 0-14,24.39,1985
Czech Republic,CZE,Health,10.7,1985
Czech Republic,CZE,Youth 15-24,19.61,1985
Czech Republic,CZE,Population,88.1,1985
Czech Republic,CZE,Violence,3.23,1985
Czech Republic,CZE,Leadership,0,1985
Czech Republic,CZE,Environment,0,1985
Czech Republic,CZE,Norms and Decision-making,13.82,1986
Czech Republic,CZE,SDGs,13.74,1986
Czech Republic,CZE,Employment and Time Use,21.17,1986
Czech Republic,CZE,Assets,2.88,1986
Czech Republic,CZE,Entrepreneurship,9.38,1986
Czech Republic,CZE,Technology,0,1986
Czech Republic,CZE,Education,15.95,1986
Czech Republic,CZE,Children 0-14,26.02,1986
Czech Republic,CZE,Health,12.3,1986
Czech Republic,CZE,Youth 15-24,19.61,1986
Czech Republic,CZE,Population,83.33,1986
Czech Republic,CZE,Violence,3.23,1986
Czech Republic,CZE,Leadership,0,1986
Czech Republic,CZE,Environment,0,1986
Czech Republic,CZE,Norms and Decision-making,13.82,1987
Czech Republic,CZE,SDGs,13.74,1987
Czech Republic,CZE,Employment and Time Use,21.17,1987
Czech Republic,CZE,Assets,2.88,1987
Czech Republic,CZE,Entrepreneurship,9.38,1987
Czech Republic,CZE,Technology,0,1987
Czech Republic,CZE,Education,15.95,1987
Czech Republic,CZE,Children 0-14,26.83,1987
Czech Republic,CZE,Health,12.3,1987
Czech Republic,CZE,Youth 15-24,19.61,1987
Czech Republic,CZE,Population,86.9,1987
Czech Republic,CZE,Violence,3.23,1987
Czech Republic,CZE,Leadership,0,1987
Czech Republic,CZE,Environment,0,1987
Czech Republic,CZE,Norms and Decision-making,13.82,1988
Czech Republic,CZE,SDGs,13.74,1988
Czech Republic,CZE,Employment and Time Use,21.17,1988
Czech Republic,CZE,Assets,2.88,1988
Czech Republic,CZE,Entrepreneurship,9.38,1988
Czech Republic,CZE,Technology,0,1988
Czech Republic,CZE,Education,15.95,1988
Czech Republic,CZE,Children 0-14,26.02,1988
Czech Republic,CZE,Health,12.3,1988
Czech Republic,CZE,Youth 15-24,19.61,1988
Czech Republic,CZE,Population,83.33,1988
Czech Republic,CZE,Violence,3.23,1988
Czech Republic,CZE,Leadership,0,1988
Czech Republic,CZE,Environment,0,1988
Czech Republic,CZE,Norms and Decision-making,13.82,1989
Czech Republic,CZE,SDGs,14.5,1989
Czech Republic,CZE,Employment and Time Use,21.17,1989
Czech Republic,CZE,Assets,2.88,1989
Czech Republic,CZE,Entrepreneurship,9.38,1989
Czech Republic,CZE,Technology,0,1989
Czech Republic,CZE,Education,15.95,1989
Czech Republic,CZE,Children 0-14,26.02,1989
Czech Republic,CZE,Health,12.83,1989
Czech Republic,CZE,Youth 15-24,19.61,1989
Czech Republic,CZE,Population,83.33,1989
Czech Republic,CZE,Violence,3.23,1989
Czech Republic,CZE,Leadership,0,1989
Czech Republic,CZE,Environment,0,1989
Czech Republic,CZE,Norms and Decision-making,13.82,1990
Czech Republic,CZE,SDGs,16.79,1990
Czech Republic,CZE,Employment and Time Use,33.58,1990
Czech Republic,CZE,Assets,2.88,1990
Czech Republic,CZE,Entrepreneurship,9.38,1990
Czech Republic,CZE,Technology,0,1990
Czech Republic,CZE,Education,15.95,1990
Czech Republic,CZE,Children 0-14,26.83,1990
Czech Republic,CZE,Health,13.37,1990
Czech Republic,CZE,Youth 15-24,22.55,1990
Czech Republic,CZE,Population,90.48,1990
Czech Republic,CZE,Violence,3.23,1990
Czech Republic,CZE,Leadership,0,1990
Czech Republic,CZE,Environment,0,1990
Czech Republic,CZE,Norms and Decision-making,15.45,1991
Czech Republic,CZE,SDGs,23.66,1991
Czech Republic,CZE,Employment and Time Use,66.42,1991
Czech Republic,CZE,Assets,2.88,1991
Czech Republic,CZE,Entrepreneurship,9.38,1991
Czech Republic,CZE,Technology,0,1991
Czech Republic,CZE,Education,19.63,1991
Czech Republic,CZE,Children 0-14,31.71,1991
Czech Republic,CZE,Health,14.97,1991
Czech Republic,CZE,Youth 15-24,39.22,1991
Czech Republic,CZE,Population,85.71,1991
Czech Republic,CZE,Violence,3.23,1991
Czech Republic,CZE,Leadership,0,1991
Czech Republic,CZE,Environment,0,1991
Czech Republic,CZE,Norms and Decision-making,13.82,1992
Czech Republic,CZE,SDGs,21.37,1992
Czech Republic,CZE,Employment and Time Use,58.39,1992
Czech Republic,CZE,Assets,2.88,1992
Czech Republic,CZE,Entrepreneurship,9.38,1992
Czech Republic,CZE,Technology,0,1992
Czech Republic,CZE,Education,16.56,1992
Czech Republic,CZE,Children 0-14,26.83,1992
Czech Republic,CZE,Health,12.83,1992
Czech Republic,CZE,Youth 15-24,29.41,1992
Czech Republic,CZE,Population,86.9,1992
Czech Republic,CZE,Violence,3.23,1992
Czech Republic,CZE,Leadership,0,1992
Czech Republic,CZE,Environment,0,1992
Czech Republic,CZE,Norms and Decision-making,15.45,1993
Czech Republic,CZE,SDGs,25.19,1993
Czech Republic,CZE,Employment and Time Use,70.8,1993
Czech Republic,CZE,Assets,2.88,1993
Czech Republic,CZE,Entrepreneurship,9.38,1993
Czech Republic,CZE,Technology,0,1993
Czech Republic,CZE,Education,21.47,1993
Czech Republic,CZE,Children 0-14,30.89,1993
Czech Republic,CZE,Health,17.11,1993
Czech Republic,CZE,Youth 15-24,40.2,1993
Czech Republic,CZE,Population,85.71,1993
Czech Republic,CZE,Violence,3.23,1993
Czech Republic,CZE,Leadership,0,1993
Czech Republic,CZE,Environment,0,1993
Czech Republic,CZE,Norms and Decision-making,15.45,1994
Czech Republic,CZE,SDGs,24.43,1994
Czech Republic,CZE,Employment and Time Use,70.8,1994
Czech Republic,CZE,Assets,2.88,1994
Czech Republic,CZE,Entrepreneurship,9.38,1994
Czech Republic,CZE,Technology,0,1994
Czech Republic,CZE,Education,22.09,1994
Czech Republic,CZE,Children 0-14,31.71,1994
Czech Republic,CZE,Health,13.9,1994
Czech Republic,CZE,Youth 15-24,40.2,1994
Czech Republic,CZE,Population,85.71,1994
Czech Republic,CZE,Violence,6.45,1994
Czech Republic,CZE,Leadership,0,1994
Czech Republic,CZE,Environment,0,1994
Czech Republic,CZE,Norms and Decision-making,15.45,1995
Czech Republic,CZE,SDGs,24.43,1995
Czech Republic,CZE,Employment and Time Use,70.8,1995
Czech Republic,CZE,Assets,2.88,1995
Czech Republic,CZE,Entrepreneurship,9.38,1995
Czech Republic,CZE,Technology,0,1995
Czech Republic,CZE,Education,21.47,1995
Czech Republic,CZE,Children 0-14,30.08,1995
Czech Republic,CZE,Health,13.9,1995
Czech Republic,CZE,Youth 15-24,42.16,1995
Czech Republic,CZE,Population,91.67,1995
Czech Republic,CZE,Violence,6.45,1995
Czech Republic,CZE,Leadership,0,1995
Czech Republic,CZE,Environment,0,1995
Czech Republic,CZE,Norms and Decision-making,15.45,1996
Czech Republic,CZE,SDGs,24.43,1996
Czech Republic,CZE,Employment and Time Use,77.37,1996
Czech Republic,CZE,Assets,2.88,1996
Czech Republic,CZE,Entrepreneurship,9.38,1996
Czech Republic,CZE,Technology,0,1996
Czech Republic,CZE,Education,22.7,1996
Czech Republic,CZE,Children 0-14,33.33,1996
Czech Republic,CZE,Health,13.9,1996
Czech Republic,CZE,Youth 15-24,39.22,1996
Czech Republic,CZE,Population,85.71,1996
Czech Republic,CZE,Violence,6.45,1996
Czech Republic,CZE,Leadership,0,1996
Czech Republic,CZE,Environment,0,1996
Czech Republic,CZE,Norms and Decision-making,13.82,1997
Czech Republic,CZE,SDGs,25.95,1997
Czech Republic,CZE,Employment and Time Use,79.56,1997
Czech Republic,CZE,Assets,2.88,1997
Czech Republic,CZE,Entrepreneurship,9.38,1997
Czech Republic,CZE,Technology,0,1997
Czech Republic,CZE,Education,15.95,1997
Czech Republic,CZE,Children 0-14,28.46,1997
Czech Republic,CZE,Health,16.04,1997
Czech Republic,CZE,Youth 15-24,39.22,1997
Czech Republic,CZE,Population,86.9,1997
Czech Republic,CZE,Violence,6.45,1997
Czech Republic,CZE,Leadership,25,1997
Czech Republic,CZE,Environment,0,1997
Czech Republic,CZE,Norms and Decision-making,13.82,1998
Czech Republic,CZE,SDGs,25.19,1998
Czech Republic,CZE,Employment and Time Use,86.13,1998
Czech Republic,CZE,Assets,2.88,1998
Czech Republic,CZE,Entrepreneurship,9.38,1998
Czech Republic,CZE,Technology,0,1998
Czech Republic,CZE,Education,25.77,1998
Czech Republic,CZE,Children 0-14,30.89,1998
Czech Republic,CZE,Health,13.9,1998
Czech Republic,CZE,Youth 15-24,47.06,1998
Czech Republic,CZE,Population,83.33,1998
Czech Republic,CZE,Violence,6.45,1998
Czech Republic,CZE,Leadership,25,1998
Czech Republic,CZE,Environment,0,1998
Czech Republic,CZE,Norms and Decision-making,13.82,1999
Czech Republic,CZE,SDGs,25.19,1999
Czech Republic,CZE,Employment and Time Use,86.13,1999
Czech Republic,CZE,Assets,2.88,1999
Czech Republic,CZE,Entrepreneurship,9.38,1999
Czech Republic,CZE,Technology,10,1999
Czech Republic,CZE,Education,43.56,1999
Czech Republic,CZE,Children 0-14,39.02,1999
Czech Republic,CZE,Health,13.9,1999
Czech Republic,CZE,Youth 15-24,64.71,1999
Czech Republic,CZE,Population,83.33,1999
Czech Republic,CZE,Violence,6.45,1999
Czech Republic,CZE,Leadership,25,1999
Czech Republic,CZE,Environment,3.7,1999
Czech Republic,CZE,Norms and Decision-making,13.82,2000
Czech Republic,CZE,SDGs,74.05,2000
Czech Republic,CZE,Employment and Time Use,86.86,2000
Czech Republic,CZE,Assets,2.88,2000
Czech Republic,CZE,Entrepreneurship,9.38,2000
Czech Republic,CZE,Technology,10,2000
Czech Republic,CZE,Education,41.1,2000
Czech Republic,CZE,Children 0-14,50.41,2000
Czech Republic,CZE,Health,52.41,2000
Czech Republic,CZE,Youth 15-24,64.71,2000
Czech Republic,CZE,Population,89.29,2000
Czech Republic,CZE,Violence,9.68,2000
Czech Republic,CZE,Leadership,50,2000
Czech Republic,CZE,Environment,14.81,2000
Czech Republic,CZE,Norms and Decision-making,15.45,2001
Czech Republic,CZE,SDGs,39.69,2001
Czech Republic,CZE,Employment and Time Use,86.86,2001
Czech Republic,CZE,Assets,2.88,2001
Czech Republic,CZE,Entrepreneurship,9.38,2001
Czech Republic,CZE,Technology,10,2001
Czech Republic,CZE,Education,50.31,2001
Czech Republic,CZE,Children 0-14,54.47,2001
Czech Republic,CZE,Health,34.76,2001
Czech Republic,CZE,Youth 15-24,70.59,2001
Czech Republic,CZE,Population,85.71,2001
Czech Republic,CZE,Violence,9.68,2001
Czech Republic,CZE,Leadership,50,2001
Czech Republic,CZE,Environment,14.81,2001
Czech Republic,CZE,Norms and Decision-making,15.45,2002
Czech Republic,CZE,SDGs,37.4,2002
Czech Republic,CZE,Employment and Time Use,88.32,2002
Czech Republic,CZE,Assets,2.88,2002
Czech Republic,CZE,Entrepreneurship,9.38,2002
Czech Republic,CZE,Technology,10,2002
Czech Republic,CZE,Education,46.63,2002
Czech Republic,CZE,Children 0-14,39.02,2002
Czech Republic,CZE,Health,26.74,2002
Czech Republic,CZE,Youth 15-24,70.59,2002
Czech Republic,CZE,Population,89.29,2002
Czech Republic,CZE,Violence,9.68,2002
Czech Republic,CZE,Leadership,50,2002
Czech Republic,CZE,Environment,14.81,2002
Czech Republic,CZE,Norms and Decision-making,13.82,2003
Czech Republic,CZE,SDGs,37.4,2003
Czech Republic,CZE,Employment and Time Use,90.51,2003
Czech Republic,CZE,Assets,2.88,2003
Czech Republic,CZE,Entrepreneurship,37.5,2003
Czech Republic,CZE,Technology,10,2003
Czech Republic,CZE,Education,46.01,2003
Czech Republic,CZE,Children 0-14,38.21,2003
Czech Republic,CZE,Health,26.74,2003
Czech Republic,CZE,Youth 15-24,68.63,2003
Czech Republic,CZE,Population,83.33,2003
Czech Republic,CZE,Violence,9.68,2003
Czech Republic,CZE,Leadership,50,2003
Czech Republic,CZE,Environment,14.81,2003
Czech Republic,CZE,Norms and Decision-making,15.45,2004
Czech Republic,CZE,SDGs,37.4,2004
Czech Republic,CZE,Employment and Time Use,90.51,2004
Czech Republic,CZE,Assets,2.88,2004
Czech Republic,CZE,Entrepreneurship,37.5,2004
Czech Republic,CZE,Technology,10,2004
Czech Republic,CZE,Education,48.47,2004
Czech Republic,CZE,Children 0-14,38.21,2004
Czech Republic,CZE,Health,26.74,2004
Czech Republic,CZE,Youth 15-24,73.53,2004
Czech Republic,CZE,Population,85.71,2004
Czech Republic,CZE,Violence,9.68,2004
Czech Republic,CZE,Leadership,50,2004
Czech Republic,CZE,Environment,14.81,2004
Czech Republic,CZE,Norms and Decision-making,15.45,2005
Czech Republic,CZE,SDGs,40.46,2005
Czech Republic,CZE,Employment and Time Use,90.51,2005
Czech Republic,CZE,Assets,2.88,2005
Czech Republic,CZE,Entrepreneurship,40.63,2005
Czech Republic,CZE,Technology,10,2005
Czech Republic,CZE,Education,46.01,2005
Czech Republic,CZE,Children 0-14,38.21,2005
Czech Republic,CZE,Health,30.48,2005
Czech Republic,CZE,Youth 15-24,68.63,2005
Czech Republic,CZE,Population,91.67,2005
Czech Republic,CZE,Violence,9.68,2005
Czech Republic,CZE,Leadership,75,2005
Czech Republic,CZE,Environment,14.81,2005
Czech Republic,CZE,Norms and Decision-making,15.45,2006
Czech Republic,CZE,SDGs,37.4,2006
Czech Republic,CZE,Employment and Time Use,90.51,2006
Czech Republic,CZE,Assets,2.88,2006
Czech Republic,CZE,Entrepreneurship,37.5,2006
Czech Republic,CZE,Technology,3.33,2006
Czech Republic,CZE,Education,51.53,2006
Czech Republic,CZE,Children 0-14,43.09,2006
Czech Republic,CZE,Health,26.74,2006
Czech Republic,CZE,Youth 15-24,71.57,2006
Czech Republic,CZE,Population,85.71,2006
Czech Republic,CZE,Violence,9.68,2006
Czech Republic,CZE,Leadership,50,2006
Czech Republic,CZE,Environment,14.81,2006
Czech Republic,CZE,Norms and Decision-making,15.45,2007
Czech Republic,CZE,SDGs,39.69,2007
Czech Republic,CZE,Employment and Time Use,90.51,2007
Czech Republic,CZE,Assets,2.88,2007
Czech Republic,CZE,Entrepreneurship,37.5,2007
Czech Republic,CZE,Technology,10,2007
Czech Republic,CZE,Education,57.06,2007
Czech Republic,CZE,Children 0-14,47.15,2007
Czech Republic,CZE,Health,28.34,2007
Czech Republic,CZE,Youth 15-24,77.45,2007
Czech Republic,CZE,Population,89.29,2007
Czech Republic,CZE,Violence,9.68,2007
Czech Republic,CZE,Leadership,50,2007
Czech Republic,CZE,Environment,14.81,2007
Czech Republic,CZE,Norms and Decision-making,15.45,2008
Czech Republic,CZE,SDGs,38.17,2008
Czech Republic,CZE,Employment and Time Use,90.51,2008
Czech Republic,CZE,Assets,2.88,2008
Czech Republic,CZE,Entrepreneurship,37.5,2008
Czech Republic,CZE,Technology,10,2008
Czech Republic,CZE,Education,57.06,2008
Czech Republic,CZE,Children 0-14,47.15,2008
Czech Republic,CZE,Health,28.88,2008
Czech Republic,CZE,Youth 15-24,77.45,2008
Czech Republic,CZE,Population,86.9,2008
Czech Republic,CZE,Violence,9.68,2008
Czech Republic,CZE,Leadership,75,2008
Czech Republic,CZE,Environment,14.81,2008
Czech Republic,CZE,Norms and Decision-making,15.45,2009
Czech Republic,CZE,SDGs,37.4,2009
Czech Republic,CZE,Employment and Time Use,90.51,2009
Czech Republic,CZE,Assets,2.88,2009
Czech Republic,CZE,Entrepreneurship,43.75,2009
Czech Republic,CZE,Technology,10,2009
Czech Republic,CZE,Education,57.06,2009
Czech Republic,CZE,Children 0-14,47.15,2009
Czech Republic,CZE,Health,27.27,2009
Czech Republic,CZE,Youth 15-24,77.45,2009
Czech Republic,CZE,Population,86.9,2009
Czech Republic,CZE,Violence,9.68,2009
Czech Republic,CZE,Leadership,75,2009
Czech Republic,CZE,Environment,14.81,2009
Czech Republic,CZE,Norms and Decision-making,13.82,2010
Czech Republic,CZE,SDGs,76.34,2010
Czech Republic,CZE,Employment and Time Use,90.51,2010
Czech Republic,CZE,Assets,2.88,2010
Czech Republic,CZE,Entrepreneurship,37.5,2010
Czech Republic,CZE,Technology,10,2010
Czech Republic,CZE,Education,68.1,2010
Czech Republic,CZE,Children 0-14,64.23,2010
Czech Republic,CZE,Health,57.75,2010
Czech Republic,CZE,Youth 15-24,77.45,2010
Czech Republic,CZE,Population,90.48,2010
Czech Republic,CZE,Violence,9.68,2010
Czech Republic,CZE,Leadership,75,2010
Czech Republic,CZE,Environment,14.81,2010
Czech Republic,CZE,Norms and Decision-making,15.45,2011
Czech Republic,CZE,SDGs,41.98,2011
Czech Republic,CZE,Employment and Time Use,90.51,2011
Czech Republic,CZE,Assets,15.23,2011
Czech Republic,CZE,Entrepreneurship,37.5,2011
Czech Republic,CZE,Technology,20,2011
Czech Republic,CZE,Education,66.26,2011
Czech Republic,CZE,Children 0-14,58.54,2011
Czech Republic,CZE,Health,26.74,2011
Czech Republic,CZE,Youth 15-24,77.45,2011
Czech Republic,CZE,Population,86.9,2011
Czech Republic,CZE,Violence,9.68,2011
Czech Republic,CZE,Leadership,50,2011
Czech Republic,CZE,Environment,14.81,2011
Czech Republic,CZE,Norms and Decision-making,15.45,2012
Czech Republic,CZE,SDGs,40.46,2012
Czech Republic,CZE,Employment and Time Use,90.51,2012
Czech Republic,CZE,Assets,2.88,2012
Czech Republic,CZE,Entrepreneurship,37.5,2012
Czech Republic,CZE,Technology,10,2012
Czech Republic,CZE,Education,61.35,2012
Czech Republic,CZE,Children 0-14,52.85,2012
Czech Republic,CZE,Health,28.34,2012
Czech Republic,CZE,Youth 15-24,77.45,2012
Czech Republic,CZE,Population,90.48,2012
Czech Republic,CZE,Violence,10.75,2012
Czech Republic,CZE,Leadership,75,2012
Czech Republic,CZE,Environment,14.81,2012
Czech Republic,CZE,Norms and Decision-making,15.45,2013
Czech Republic,CZE,SDGs,37.4,2013
Czech Republic,CZE,Employment and Time Use,90.51,2013
Czech Republic,CZE,Assets,2.88,2013
Czech Republic,CZE,Entrepreneurship,43.75,2013
Czech Republic,CZE,Technology,10,2013
Czech Republic,CZE,Education,66.26,2013
Czech Republic,CZE,Children 0-14,56.91,2013
Czech Republic,CZE,Health,26.74,2013
Czech Republic,CZE,Youth 15-24,82.35,2013
Czech Republic,CZE,Population,86.9,2013
Czech Republic,CZE,Violence,9.68,2013
Czech Republic,CZE,Leadership,75,2013
Czech Republic,CZE,Environment,14.81,2013
Czech Republic,CZE,Norms and Decision-making,15.45,2014
Czech Republic,CZE,SDGs,41.98,2014
Czech Republic,CZE,Employment and Time Use,90.51,2014
Czech Republic,CZE,Assets,46.09,2014
Czech Republic,CZE,Entrepreneurship,56.25,2014
Czech Republic,CZE,Technology,60,2014
Czech Republic,CZE,Education,73.62,2014
Czech Republic,CZE,Children 0-14,55.28,2014
Czech Republic,CZE,Health,29.95,2014
Czech Republic,CZE,Youth 15-24,85.29,2014
Czech Republic,CZE,Population,88.1,2014
Czech Republic,CZE,Violence,9.68,2014
Czech Republic,CZE,Leadership,75,2014
Czech Republic,CZE,Environment,14.81,2014
Czech Republic,CZE,Norms and Decision-making,15.45,2015
Czech Republic,CZE,SDGs,73.28,2015
Czech Republic,CZE,Employment and Time Use,90.51,2015
Czech Republic,CZE,Assets,2.88,2015
Czech Republic,CZE,Entrepreneurship,37.5,2015
Czech Republic,CZE,Technology,10,2015
Czech Republic,CZE,Education,66.26,2015
Czech Republic,CZE,Children 0-14,64.23,2015
Czech Republic,CZE,Health,51.87,2015
Czech Republic,CZE,Youth 15-24,85.29,2015
Czech Republic,CZE,Population,92.86,2015
Czech Republic,CZE,Violence,9.68,2015
Czech Republic,CZE,Leadership,75,2015
Czech Republic,CZE,Environment,14.81,2015
Czech Republic,CZE,Norms and Decision-making,15.45,2016
Czech Republic,CZE,SDGs,45.8,2016
Czech Republic,CZE,Employment and Time Use,90.51,2016
Czech Republic,CZE,Assets,2.88,2016
Czech Republic,CZE,Entrepreneurship,37.5,2016
Czech Republic,CZE,Technology,10,2016
Czech Republic,CZE,Education,73.62,2016
Czech Republic,CZE,Children 0-14,56.1,2016
Czech Republic,CZE,Health,31.02,2016
Czech Republic,CZE,Youth 15-24,89.22,2016
Czech Republic,CZE,Population,86.9,2016
Czech Republic,CZE,Violence,9.68,2016
Czech Republic,CZE,Leadership,75,2016
Czech Republic,CZE,Environment,37.04,2016
Czech Republic,CZE,Norms and Decision-making,15.45,2017
Czech Republic,CZE,SDGs,38.93,2017
Czech Republic,CZE,Employment and Time Use,90.51,2017
Czech Republic,CZE,Assets,53.09,2017
Czech Republic,CZE,Entrepreneurship,56.25,2017
Czech Republic,CZE,Technology,90,2017
Czech Republic,CZE,Education,74.23,2017
Czech Republic,CZE,Children 0-14,56.91,2017
Czech Republic,CZE,Health,28.34,2017
Czech Republic,CZE,Youth 15-24,79.41,2017
Czech Republic,CZE,Population,92.86,2017
Czech Republic,CZE,Violence,9.68,2017
Czech Republic,CZE,Leadership,50,2017
Czech Republic,CZE,Environment,14.81,2017
Czech Republic,CZE,Norms and Decision-making,15.45,2018
Czech Republic,CZE,SDGs,39.69,2018
Czech Republic,CZE,Employment and Time Use,90.51,2018
Czech Republic,CZE,Assets,2.88,2018
Czech Republic,CZE,Entrepreneurship,37.5,2018
Czech Republic,CZE,Technology,0,2018
Czech Republic,CZE,Education,36.81,2018
Czech Republic,CZE,Children 0-14,39.02,2018
Czech Republic,CZE,Health,27.27,2018
Czech Republic,CZE,Youth 15-24,44.12,2018
Czech Republic,CZE,Population,86.9,2018
Czech Republic,CZE,Violence,6.45,2018
Czech Republic,CZE,Leadership,75,2018
Czech Republic,CZE,Environment,11.11,2018
Czech Republic,CZE,Norms and Decision-making,13.82,2019
Czech Republic,CZE,SDGs,69.47,2019
Czech Republic,CZE,Employment and Time Use,90.51,2019
Czech Republic,CZE,Assets,2.88,2019
Czech Republic,CZE,Entrepreneurship,43.75,2019
Czech Republic,CZE,Technology,0,2019
Czech Republic,CZE,Education,34.97,2019
Czech Republic,CZE,Children 0-14,55.28,2019
Czech Republic,CZE,Health,43.85,2019
Czech Republic,CZE,Youth 15-24,49.02,2019
Czech Republic,CZE,Population,85.71,2019
Czech Republic,CZE,Violence,6.45,2019
Czech Republic,CZE,Leadership,100,2019
Czech Republic,CZE,Environment,11.11,2019
Czech Republic,CZE,Norms and Decision-making,13.82,2020
Czech Republic,CZE,SDGs,18.32,2020
Czech Republic,CZE,Employment and Time Use,40.15,2020
Czech Republic,CZE,Assets,2.88,2020
Czech Republic,CZE,Entrepreneurship,9.38,2020
Czech Republic,CZE,Technology,0,2020
Czech Republic,CZE,Education,11.04,2020
Czech Republic,CZE,Children 0-14,10.57,2020
Czech Republic,CZE,Health,4.81,2020
Czech Republic,CZE,Youth 15-24,13.73,2020
Czech Republic,CZE,Population,77.38,2020
Czech Republic,CZE,Violence,3.23,2020
Czech Republic,CZE,Leadership,50,2020
Czech Republic,CZE,Environment,11.11,2020
Czech Republic,CZE,Norms and Decision-making,13.82,2021
Czech Republic,CZE,SDGs,9.92,2021
Czech Republic,CZE,Employment and Time Use,24.09,2021
Czech Republic,CZE,Assets,2.88,2021
Czech Republic,CZE,Entrepreneurship,9.38,2021
Czech Republic,CZE,Technology,0,2021
Czech Republic,CZE,Education,0,2021
Czech Republic,CZE,Children 0-14,6.5,2021
Czech Republic,CZE,Health,0,2021
Czech Republic,CZE,Youth 15-24,3.92,2021
Czech Republic,CZE,Population,42.86,2021
Czech Republic,CZE,Violence,3.23,2021
Czech Republic,CZE,Leadership,0,2021
Czech Republic,CZE,Environment,0,2021